Unnamed: 0,ra,dec,candidate_id,flux,fluxerr,magzp,filter,meanmjd,rb,rbcut,model,objectdata_id_1,tag,num_rb_obs
225409,149.87277589479,3.18375502996458,DC21fyx,6624.35854609244,107.150984365843,28.9743683626877,g,59297.0093625422,0.99534,0.3,rknop_20211105_19.h5,76275,default,185
225669,149.87277589479,3.18375502996458,DC21fyx,7139.6206807728,90.6951188288257,28.9983564649446,g,59297.0588785922,0.999999,0.3,rknop_20211105_19.h5,79485,default,185
225941,149.87277589479,3.18375502996458,DC21fyx,7323.1819043686,92.1445694062197,28.9989500498502,g,59297.1335246922,0.999903,0.3,rknop_20211105_19.h5,88781,default,185
226012,149.87277589479,3.18375502996458,DC21fyx,6518.64634213108,297.287396343792,29.591250142506,r,59301.0192118952,1.0,0.3,rknop_20211105_19.h5,99446,default,185
226092,149.87277589479,3.18375502996458,DC21fyx,30930.5497360458,308.93025922026,30.2804429420093,i,59297.1489536648,0.997386,0.3,rknop_20211105_19.h5,94655,default,185
226143,149.87277589479,3.18375502996458,DC21fyx,7051.17738006592,201.880014110837,28.9908968310975,g,59301.0803469822,1.0,0.3,rknop_20211105_19.h5,103615,default,185
226159,149.87277589479,3.18375502996458,DC21fyx,6415.14702204421,238.447610096669,28.9671814433457,g,59301.0180268322,0.999958,0.3,rknop_20211105_19.h5,96717,default,185
226162,149.87277589479,3.18375502996458,DC21fyx,2349.63716218554,125.251167393692,28.421517077323,r,59301.0818598611,1.0,0.3,rknop_20211105_19.h5,103977,default,185
226170,149.87277589479,3.18375502996458,DC21fyx,21703.2009634933,359.327680895407,29.9543309654365,i,59301.0207961548,1.0,0.3,rknop_20211105_19.h5,97192,default,185
226190,149.87277589479,3.18375502996458,DC21fyx,5104.77297521884,124.697693995582,28.342486441353,i,59301.0832128111,1.0,0.3,rknop_20211105_19.h5,104871,default,185
226200,149.87277589479,3.18375502996458,DC21fyx,2998.67043599719,131.618109092624,28.4405560718091,r,59301.1294777711,0.956572,0.3,rknop_20211105_19.h5,105379,default,185
226233,149.87277589479,3.18375502996458,DC21fyx,6749.30999850099,190.886944013561,28.9763512329677,g,59301.0671005122,1.0,0.3,rknop_20211105_19.h5,99180,default,185
226256,149.87277589479,3.18375502996458,DC21fyx,5188.70484222495,131.170639288319,28.3712314128199,i,59301.1308522811,1.0,0.3,rknop_20211105_19.h5,106629,default,185
226303,149.87277589479,3.18375502996458,DC21fyx,4938.49789003675,129.664482403754,28.3718663159921,i,59301.0706754411,1.0,0.3,rknop_20211105_19.h5,101019,default,185
226455,149.87277589479,3.18375502996458,DC21fyx,5088.1572262736,132.993892142862,28.3585492465764,i,59301.0825430011,1.0,0.3,rknop_20211105_19.h5,104323,default,185
226494,149.87277589479,3.18375502996458,DC21fyx,7142.18698821631,185.364670205472,28.9887264889318,g,59301.1418596822,1.0,0.3,rknop_20211105_19.h5,111925,default,185
226507,149.87277589479,3.18375502996458,DC21fyx,2119.83109350385,148.0596673312,28.4698946905481,r,59301.1433901411,0.961188,0.3,rknop_20211105_19.h5,112423,default,185
226513,149.87277589479,3.18375502996458,DC21fyx,4585.74455127658,132.054617513879,28.3765888382817,i,59301.1447593011,1.0,0.3,rknop_20211105_19.h5,112895,default,185
226584,149.87277589479,3.18375502996458,DC21fyx,5475.29317939646,134.27720283703,28.363745648458,i,59301.1321756911,1.0,0.3,rknop_20211105_19.h5,107024,default,185
226655,149.87277589479,3.18375502996458,DC21fyx,6776.76129701181,135.927150553936,28.9394185357778,g,59304.0325201622,1.0,0.3,rknop_20211105_19.h5,116050,default,185
226675,149.87277589479,3.18375502996458,DC21fyx,7061.35497995548,179.322979601291,28.9867023239395,g,59301.1286274622,1.0,0.3,rknop_20211105_19.h5,109214,default,185
226747,149.87277589479,3.18375502996458,DC21fyx,7310.64035598296,113.864085610299,28.9993491932705,g,59304.0881930122,1.0,0.3,rknop_20211105_19.h5,120062,default,185
226772,149.87277589479,3.18375502996458,DC21fyx,2482.39720712871,136.080153593073,28.4295523694857,r,59301.1427213511,1.0,0.3,rknop_20211105_19.h5,112221,default,185
226797,149.87277589479,3.18375502996458,DC21fyx,5707.09783790377,135.222366040579,28.3711547183132,i,59301.1440789911,1.0,0.3,rknop_20211105_19.h5,112624,default,185
226810,149.87277589479,3.18375502996458,DC21fyx,5294.12804751905,130.718623092687,28.3549796496745,i,59301.1454416611,1.0,0.3,rknop_20211105_19.h5,113093,default,185
227093,149.87277589479,3.18375502996458,DC21fyx,6417.306038411,116.939249221855,28.9939478805746,g,59304.1008295122,0.886482,0.3,rknop_20211105_19.h5,124362,default,185
227122,149.87277589479,3.18375502996458,DC21fyx,6846.82549495926,107.82831356904,28.9741478849157,g,59304.1470462322,1.0,0.3,rknop_20211105_19.h5,133527,default,185
227194,149.87277589479,3.18375502996458,DC21fyx,7821.65713621405,124.511267836174,29.0055664480455,g,59304.1344313322,1.0,0.3,rknop_20211105_19.h5,128132,default,185
233637,149.87277589479,3.18375502996458,DC21fyx,4889.50348682975,140.583893657608,28.991863575423,g,59328.9997030422,1.0,0.3,rknop_20211105_19.h5,289006,default,185
233645,149.87277589479,3.18375502996458,DC21fyx,5269.2628082734,115.691809554723,28.9548945484006,g,59329.0572200122,1.0,0.3,rknop_20211105_19.h5,297981,default,185
233692,149.87277589479,3.18375502996458,DC21fyx,17269.1301729717,223.858841022182,29.9917121170079,i,59329.0025041548,0.998994,0.3,rknop_20211105_19.h5,290808,default,185
233747,149.87277589479,3.18375502996458,DC21fyx,16067.6112555601,209.520371675853,29.9354996793343,i,59329.1276743948,0.895998,0.3,rknop_20211105_19.h5,302142,default,185
233764,149.87277589479,3.18375502996458,DC21fyx,4134.12459069068,122.734937524588,28.9987892145519,g,59329.0445280522,1.0,0.3,rknop_20211105_19.h5,293807,default,185
233892,149.87277589479,3.18375502996458,DC21fyx,15819.563093785,201.920040197869,29.9828975118764,i,59329.0600037348,0.680607,0.3,rknop_20211105_19.h5,298979,default,185
233947,149.87277589479,3.18375502996458,DC21fyx,4307.4785034488,157.210918706149,29.5011846422379,r,59329.1260847352,0.233049,0.3,rknop_20211105_19.h5,301604,default,185
234077,149.87277589479,3.18375502996458,DC21fyx,16231.7411905346,226.596299344703,29.9320161540952,i,59329.1403188548,0.980558,0.3,rknop_20211105_19.h5,306387,default,185
234136,149.87277589479,3.18375502996458,DC21fyx,5973.91392047931,163.716527480772,29.0362031515801,g,59331.0102477022,1.0,0.3,rknop_20211105_19.h5,309285,default,185
234234,149.87277589479,3.18375502996458,DC21fyx,5520.77843651717,181.775982678113,29.0276442352748,g,59331.0443889222,1.0,0.3,rknop_20211105_19.h5,313778,default,185
234246,149.87277589479,3.18375502996458,DC21fyx,17134.5041436943,253.185240116078,29.9909906522909,i,59331.0471560848,1.0,0.3,rknop_20211105_19.h5,314724,default,185
234273,149.87277589479,3.18375502996458,DC21fyx,3997.10699568712,241.998242788978,29.5759054063591,r,59331.1264600252,0.991859,0.3,rknop_20211105_19.h5,324938,default,185
234305,149.87277589479,3.18375502996458,DC21fyx,4405.5890598057,203.276149555025,29.5790718641184,r,59331.0581335752,1.0,0.3,rknop_20211105_19.h5,317661,default,185
234406,149.87277589479,3.18375502996458,DC21fyx,17961.673912111,270.326419967852,29.9791210155651,i,59331.1153985648,1.0,0.3,rknop_20211105_19.h5,322162,default,185
234477,149.87277589479,3.18375502996458,DC21fyx,5119.54047885775,228.631925797981,28.9644469527718,g,59331.1252739422,1.0,0.3,rknop_20211105_19.h5,325276,default,185
234484,149.87277589479,3.18375502996458,DC21fyx,16586.0834785894,296.580118093352,29.9763836614916,i,59331.1280412448,1.0,0.3,rknop_20211105_19.h5,325513,default,185
234653,149.87277589479,3.18375502996458,DC21fyx,5101.9468055467,114.809348054083,28.9663192211371,g,59333.0314619422,1.0,0.3,rknop_20211105_19.h5,332371,default,185
234701,149.87277589479,3.18375502996458,DC21fyx,4006.62154092794,154.692728817261,29.5087597298137,r,59333.1182771852,1.0,0.3,rknop_20211105_19.h5,342714,default,185
234742,149.87277589479,3.18375502996458,DC21fyx,5111.54281991792,108.694381720532,28.9574595556048,g,59333.0440604422,1.0,0.3,rknop_20211105_19.h5,335866,default,185
234839,149.87277589479,3.18375502996458,DC21fyx,16079.1164833096,221.104215824503,29.9568746432611,i,59333.1198603748,1.0,0.3,rknop_20211105_19.h5,347209,default,185
237471,149.87277589479,3.18375502996458,DC21fyx,11594.0836374018,178.008583692662,29.2769888436182,i,59352.0107516533,1.0,0.3,rknop_20211105_19.h5,455547,default,185
237579,149.87277589479,3.18375502996458,DC21fyx,7724.11726648884,149.317113969605,29.2656818543323,g,59355.979736593,1.0,0.3,rknop_20211105_19.h5,459767,default,185
237764,149.87277589479,3.18375502996458,DC21fyx,4885.21599305339,154.666114896031,29.3299225328146,r,59355.9822176726,1.0,0.3,rknop_20211105_19.h5,460415,default,185
239084,149.87277589479,3.18375502996458,DC21fyx,7072.46560991243,122.009935818699,29.2431583357151,g,59358.005151703,0.725336,0.3,rknop_20211105_19.h5,489989,default,185
239086,149.87277589479,3.18375502996458,DC21fyx,4080.46984909574,123.687003143374,29.2825838654106,r,59358.0075333926,0.65716,0.3,rknop_20211105_19.h5,490231,default,185
239939,149.87277589479,3.18375502996458,DC21fyx,2749.84003445025,121.464275283174,29.2864751750854,r,59360.9781288726,0.982615,0.3,rknop_20211105_19.h5,507820,default,185
240078,149.87277589479,3.18375502996458,DC21fyx,5957.45075721213,133.215134596352,29.2728498749688,g,59360.975647883,1.0,0.3,rknop_20211105_19.h5,509139,default,185
240081,149.87277589479,3.18375502996458,DC21fyx,3420.45787294767,120.677672672084,29.3056172643276,r,59360.9792868126,0.0665466,0.3,rknop_20211105_19.h5,509606,default,185
240312,149.87277589479,3.18375502996458,DC21fyx,6512.98003357594,124.286700685429,29.2588711704711,g,59360.976916103,0.99588,0.3,rknop_20211105_19.h5,509002,default,185
252575,149.87277589479,3.18375502996458,DC21fyx,7589.05132605223,92.8272149208602,28.9896786477929,g,59297.1461789422,0.999456,0.3,rknop_20211105_19.h5,95995,default,185
259645,149.87277589479,3.18375502996458,DC21fyx,2397.8693888872,125.1576167192,28.4221550565609,r,59301.0679445511,1.0,0.3,rknop_20211105_19.h5,99076,default,185
270111,149.87277589479,3.18375502996458,DC21fyx,11564.4095931119,111.668563287475,28.9997256938668,g,59595.2931786022,0.999996,0.3,rknop_20211105_19.h5,1151596,default,185
270396,149.87277589479,3.18375502996458,DC21fyx,5448.50875887849,133.709728873431,28.3799921689662,i,59301.0699925911,1.0,0.3,rknop_20211105_19.h5,101433,default,185
271622,149.87277589479,3.18375502996458,DC21fyx,11463.2577352348,108.741166825228,28.984650538716,g,59595.3058407622,1.0,0.3,rknop_20211105_19.h5,1156651,default,185
271693,149.87277589479,3.18375502996458,DC21fyx,14160.8731925819,143.425364515284,29.5576476211928,r,59595.3070209852,0.996132,0.3,rknop_20211105_19.h5,1158964,default,185
271875,149.87277589479,3.18375502996458,DC21fyx,12717.2799170945,195.081122298546,29.0611080480442,g,59597.2911017222,1.0,0.3,rknop_20211105_19.h5,1165984,default,185
271887,149.87277589479,3.18375502996458,DC21fyx,14173.118824603,229.953214414549,29.6306197373496,r,59597.2922853952,1.0,0.3,rknop_20211105_19.h5,1166780,default,185
271908,149.87277589479,3.18375502996458,DC21fyx,34443.4579637493,286.685114352416,30.0183297574373,i,59597.2938688148,0.999987,0.3,rknop_20211105_19.h5,1167377,default,185
271979,149.87277589479,3.18375502996458,DC21fyx,12337.4768676339,210.19290723259,29.0658859960019,g,59597.3036847022,1.0,0.3,rknop_20211105_19.h5,1169938,default,185
272053,149.87277589479,3.18375502996458,DC21fyx,5358.15556395902,134.113927812194,28.3725843519968,i,59301.1315103111,1.0,0.3,rknop_20211105_19.h5,106915,default,185
272099,149.87277589479,3.18375502996458,DC21fyx,15972.6903277557,266.887626582082,29.6543759130469,r,59597.3173986052,1.0,0.3,rknop_20211105_19.h5,1174909,default,185
272148,149.87277589479,3.18375502996458,DC21fyx,12035.0621590069,102.820654284875,29.0899172933536,g,59602.3096481222,0.982602,0.3,rknop_20211105_19.h5,1176898,default,185
272628,149.87277589479,3.18375502996458,DC21fyx,11666.1450933007,99.1556617958289,29.0778002490121,g,59602.3349320122,1.0,0.3,rknop_20211105_19.h5,1189815,default,185
276488,149.87277589479,3.18375502996458,DC21fyx,6130.70257987825,130.228301617835,28.7820611275629,g,59708.0500342322,1.0,0.3,rknop_20211105_19.h5,1317659,default,185
276566,149.87277589479,3.18375502996458,DC21fyx,24190.8001263699,268.303775057343,29.9650962729986,i,59708.0653934048,1.0,0.3,rknop_20211105_19.h5,1320312,default,185
276711,149.87277589479,3.18375502996458,DC21fyx,25084.6702722636,259.069405416463,29.9519997164591,i,59708.0780176048,0.998097,0.3,rknop_20211105_19.h5,1326126,default,185
276766,149.87277589479,3.18375502996458,DC21fyx,8881.38660949566,185.794126161205,29.5534361298406,r,59708.0764294752,0.360736,0.3,rknop_20211105_19.h5,1328197,default,185
276980,149.87277589479,3.18375502996458,DC21fyx,21878.0546801947,280.723820475966,29.9484160188762,i,59708.1032265848,1.0,0.3,rknop_20211105_19.h5,1336792,default,185
277333,149.87277589479,3.18375502996458,DC21fyx,32155.3146662818,269.583540160962,30.2705723791733,i,59711.0811845548,0.944103,0.3,rknop_20211105_19.h5,1347436,default,185
277616,149.87277589479,3.18375502996458,DC21fyx,27774.7304884512,277.533790443365,30.1654491705964,i,59711.1065674948,0.999934,0.3,rknop_20211105_19.h5,1356064,default,185
277671,149.87277589479,3.18375502996458,DC21fyx,7769.06349792711,151.404245140268,29.6134565276191,r,59714.0330315452,0.938467,0.3,rknop_20211105_19.h5,1358111,default,185
277779,149.87277589479,3.18375502996458,DC21fyx,7150.51718740127,114.775720858676,28.9466867944719,g,59708.0626489622,1.0,0.3,rknop_20211105_19.h5,1319787,default,185
277808,149.87277589479,3.18375502996458,DC21fyx,8751.23856593826,209.079273711286,29.6068445182375,r,59714.0582338552,1.0,0.3,rknop_20211105_19.h5,1362880,default,185
277986,149.87277589479,3.18375502996458,DC21fyx,23644.1232146886,259.518034382937,30.0062837288471,i,59714.0850077448,1.0,0.3,rknop_20211105_19.h5,1370472,default,185
277995,149.87277589479,3.18375502996458,DC21fyx,21853.2306504017,274.836175069935,29.9721733832313,i,59708.0906389248,1.0,0.3,rknop_20211105_19.h5,1328945,default,185
278142,149.87277589479,3.18375502996458,DC21fyx,6702.18558171936,131.57311127352,28.8976056595624,g,59708.1004748722,1.0,0.3,rknop_20211105_19.h5,1335217,default,185
278242,149.87277589479,3.18375502996458,DC21fyx,7522.06069122364,179.163530096856,29.5999672833042,r,59717.0562725852,0.99991,0.3,rknop_20211105_19.h5,1380652,default,185
278385,149.87277589479,3.18375502996458,DC21fyx,7101.59576671408,116.889909211826,28.9759449480836,g,59711.0784186922,1.0,0.3,rknop_20211105_19.h5,1343438,default,185
278428,149.87277589479,3.18375502996458,DC21fyx,6271.71680027049,246.000504424937,28.9816859582146,g,59717.0802500022,0.424321,0.3,rknop_20211105_19.h5,1387257,default,185
278699,149.87277589479,3.18375502996458,DC21fyx,6853.19584294769,124.719339522779,28.9566104501511,g,59711.1037840222,1.0,0.3,rknop_20211105_19.h5,1354455,default,185
278702,149.87277589479,3.18375502996458,DC21fyx,8537.49821765249,119.996409108652,29.031723156453,g,59714.0318647722,0.891696,0.3,rknop_20211105_19.h5,1354488,default,185
278734,149.87277589479,3.18375502996458,DC21fyx,26780.8387098551,214.99265398262,30.0765668582932,i,59714.0346135448,0.999048,0.3,rknop_20211105_19.h5,1355367,default,185
278964,149.87277589479,3.18375502996458,DC21fyx,7524.64274274833,148.454006479786,29.0121703430131,g,59714.0444513622,1.0,0.3,rknop_20211105_19.h5,1361607,default,185
279031,149.87277589479,3.18375502996458,DC21fyx,24543.8388998669,255.799186822715,29.9912104869178,i,59714.0598227748,1.0,0.3,rknop_20211105_19.h5,1363540,default,185
279128,149.87277589479,3.18375502996458,DC21fyx,7429.6174145669,198.758231622022,29.0210768706213,g,59714.0570395422,1.0,0.3,rknop_20211105_19.h5,1365963,default,185
279252,149.87277589479,3.18375502996458,DC21fyx,7573.70877759237,162.926282735746,28.9918694262371,g,59714.0822517422,1.0,0.3,rknop_20211105_19.h5,1370230,default,185
279363,149.87277589479,3.18375502996458,DC21fyx,7893.24292143153,190.867712967606,29.5717519714031,r,59714.0834360652,1.0,0.3,rknop_20211105_19.h5,1373304,default,185
279456,149.87277589479,3.18375502996458,DC21fyx,7225.40686895424,170.655493198272,29.038156344736,g,59717.0424978822,1.0,0.3,rknop_20211105_19.h5,1376444,default,185
279457,149.87277589479,3.18375502996458,DC21fyx,7771.01426546934,192.59825132222,29.0369739472515,g,59717.0298976322,0.9996,0.3,rknop_20211105_19.h5,1376817,default,185
279692,149.87277589479,3.18375502996458,DC21fyx,7321.64335402119,154.446603527217,29.5460312161216,r,59717.0688410952,1.0,0.3,rknop_20211105_19.h5,1383127,default,185
311253,149.87277589479,3.18375502996458,DC21fyx,6933.14954273706,98.9071757139744,28.9697543558596,g,59948.2789652322,1.0,0.3,rknop_20211105_19.h5,2089584,default,185
314450,149.87277589479,3.18375502996458,DC21fyx,7255.32936341633,101.746694838576,29.0058308591603,g,59947.2345460522,1.0,0.3,rknop_20211105_19.h5,2063200,default,185
315975,149.87277589479,3.18375502996458,DC21fyx,6487.61986992769,154.05672857287,28.9055083353976,g,59950.2123932022,0.817784,0.3,rknop_20211105_19.h5,2097158,default,185
316196,149.87277589479,3.18375502996458,DC21fyx,22026.9213132908,240.375845044761,29.8962643797575,i,59950.2151696648,0.999999,0.3,rknop_20211105_19.h5,2101494,default,185
319226,149.87277589479,3.18375502996458,DC21fyx,7424.17312840334,105.819346805977,29.0382427415389,g,59977.2035135922,1.0,0.3,rknop_20211105_19.h5,2272162,default,185
320158,149.87277589479,3.18375502996458,DC21fyx,38360.5053301143,649.929395195743,29.6525112483625,i,59980.2619022448,1.0,0.3,rknop_20211105_19.h5,2299981,default,185
320204,149.87277589479,3.18375502996458,DC21fyx,7192.62314669083,119.521634643354,28.9097465867297,g,59986.2526522822,1.0,0.3,rknop_20211105_19.h5,2301171,default,185
320205,149.87277589479,3.18375502996458,DC21fyx,6713.47099570444,122.292757105988,28.902066359958,g,59986.2610265022,1.0,0.3,rknop_20211105_19.h5,2301441,default,185
323740,149.87277589479,3.18375502996458,DC21fyx,7877.16093863882,200.172891305485,29.0432901525696,g,59980.2337807822,1.0,0.3,rknop_20211105_19.h5,2289382,default,185
323844,149.87277589479,3.18375502996458,DC21fyx,7098.40438403146,184.826945460768,29.0104265086259,g,59980.2464733122,0.543161,0.3,rknop_20211105_19.h5,2293246,default,185
324036,149.87277589479,3.18375502996458,DC21fyx,7596.36379651388,177.711036435579,29.0124848177738,g,59980.2591417322,1.0,0.3,rknop_20211105_19.h5,2300869,default,185
324308,149.87277589479,3.18375502996458,DC21fyx,8149.44634460987,177.71022451358,29.5273236189642,r,59986.2705979352,0.628096,0.3,rknop_20211105_19.h5,2308340,default,185
324366,149.87277589479,3.18375502996458,DC21fyx,6338.35500142967,136.336263168333,28.8757410268465,g,59986.2777968622,1.0,0.3,rknop_20211105_19.h5,2309946,default,185
324370,149.87277589479,3.18375502996458,DC21fyx,7401.00093547352,185.15040538778,29.508621532557,r,59986.2873764452,1.0,0.3,rknop_20211105_19.h5,2310423,default,185
325439,149.87277589479,3.18375502996458,DC21fyx,5879.22310343175,117.841660070589,28.9976171026017,g,60007.0903959722,0.950186,0.3,rknop_20211105_19.h5,2429728,default,185
325563,149.87277589479,3.18375502996458,DC21fyx,5943.59360080042,111.79593529364,28.9890287971967,g,60007.1031413922,1.0,0.3,rknop_20211105_19.h5,2433339,default,185
325771,149.87277589479,3.18375502996458,DC21fyx,5480.55174952828,110.864992295033,28.9587265507521,g,60007.1157953122,0.983708,0.3,rknop_20211105_19.h5,2438789,default,185
326221,149.87277589479,3.18375502996458,DC21fyx,20544.1912215341,277.504042544212,30.0455544017183,i,60008.1028411148,0.984646,0.3,rknop_20211105_19.h5,2451130,default,185
326236,149.87277589479,3.18375502996458,DC21fyx,46836.6221219619,929.389544474439,28.8806328687158,i,60008.1113391148,0.242721,0.3,rknop_20211105_19.h5,2452609,default,185
326311,149.87277589479,3.18375502996458,DC21fyx,5740.73069171794,141.982923567003,28.9856352069975,g,60008.1169906822,1.0,0.3,rknop_20211105_19.h5,2454020,default,185
326699,149.87277589479,3.18375502996458,DC21fyx,3639.67981134138,88.9101729338931,28.9852423426826,g,60013.1648890222,0.420835,0.3,rknop_20211105_19.h5,2466395,default,185
327044,149.87277589479,3.18375502996458,DC21fyx,5246.63418419797,94.5569552096074,28.9728869428522,g,60013.1774848222,0.999991,0.3,rknop_20211105_19.h5,2475076,default,185
327270,149.87277589479,3.18375502996458,DC21fyx,5395.64914991447,97.2546638329052,28.9550599398217,g,60013.2029288022,0.700725,0.3,rknop_20211105_19.h5,2480794,default,185
329073,149.87277589479,3.18375502996458,DC21fyx,23068.2285324152,223.280785589923,30.0834447147542,i,60007.0931849948,0.99459,0.3,rknop_20211105_19.h5,2430934,default,185
329287,149.87277589479,3.18375502996458,DC21fyx,20367.0823721838,215.791082352985,29.9861670457407,i,60007.1059188048,0.984064,0.3,rknop_20211105_19.h5,2435304,default,185
329417,149.87277589479,3.18375502996458,DC21fyx,20665.9263255058,210.029214806814,29.9718985840118,i,60007.1185676348,0.992319,0.3,rknop_20211105_19.h5,2438943,default,185
329547,149.87277589479,3.18375502996458,DC21fyx,5455.23836936681,105.760594577631,28.9382826422969,g,60007.1284490022,1.0,0.3,rknop_20211105_19.h5,2442820,default,185
329559,149.87277589479,3.18375502996458,DC21fyx,21764.0729089912,208.725410005415,29.9774481518887,i,60007.1312848548,0.923691,0.3,rknop_20211105_19.h5,2443590,default,185
329641,149.87277589479,3.18375502996458,DC21fyx,5907.99154025191,108.895150358155,28.9441873922877,g,60007.1412711522,1.0,0.3,rknop_20211105_19.h5,2444223,default,185
329758,149.87277589479,3.18375502996458,DC21fyx,18295.9896330715,217.775310939617,29.9674435301583,i,60007.1440327848,0.999087,0.3,rknop_20211105_19.h5,2447951,default,185
329935,149.87277589479,3.18375502996458,DC21fyx,5894.55183709575,166.168245921493,28.9947314064408,g,60008.1000648322,0.996129,0.3,rknop_20211105_19.h5,2450880,default,185
330130,149.87277589479,3.18375502996458,DC21fyx,27864.7106174909,372.737526475843,30.3114216498443,i,60008.1197636448,0.922535,0.3,rknop_20211105_19.h5,2457276,default,185
330209,149.87277589479,3.18375502996458,DC21fyx,6027.96777620562,157.622120439737,29.0061989988399,g,60008.1339907622,1.0,0.3,rknop_20211105_19.h5,2460603,default,185
331043,149.87277589479,3.18375502996458,DC21fyx,5104.57821762578,92.9525247586048,28.9508402868699,g,60013.1902264322,0.999455,0.3,rknop_20211105_19.h5,2480393,default,185
332643,149.87277589479,3.18375502996458,DC21fyx,4832.28603383182,160.747669479227,29.5372358319398,r,60034.0996553252,1.0,0.3,rknop_20211105_19.h5,2609490,default,185
332872,149.87277589479,3.18375502996458,DC21fyx,18789.4929409645,272.601799682948,29.9651771454854,i,60034.1138934648,1.0,0.3,rknop_20211105_19.h5,2617103,default,185
333110,149.87277589479,3.18375502996458,DC21fyx,29048.7842777694,698.757926435288,29.1211067211424,i,60037.0967290548,0.998002,0.3,rknop_20211105_19.h5,2624532,default,185
333369,149.87277589479,3.18375502996458,DC21fyx,29817.7592785958,598.57091263132,29.5098217300343,i,60037.1190096148,1.0,0.3,rknop_20211105_19.h5,2633385,default,185
333465,149.87277589479,3.18375502996458,DC21fyx,28184.7108980511,548.380513193125,29.5867660550832,i,60037.1505647048,1.0,0.3,rknop_20211105_19.h5,2637115,default,185
335680,149.87277589479,3.18375502996458,DC21fyx,5704.67852491926,115.9307665999,28.9841105443989,g,60034.0727305722,1.0,0.3,rknop_20211105_19.h5,2600504,default,185
335857,149.87277589479,3.18375502996458,DC21fyx,6100.60848236046,110.771290522396,28.9580140161737,g,60034.0855210422,1.0,0.3,rknop_20211105_19.h5,2604547,default,185
336134,149.87277589479,3.18375502996458,DC21fyx,5300.76075985572,114.828835746511,28.9280001694139,g,60034.1111080322,1.0,0.3,rknop_20211105_19.h5,2612270,default,185
336337,149.87277589479,3.18375502996458,DC21fyx,5986.96563685869,118.776915169276,28.9256688356152,g,60034.1238290822,1.0,0.3,rknop_20211105_19.h5,2618810,default,185
336665,149.87277589479,3.18375502996458,DC21fyx,34340.5025093551,711.489724906078,29.5681420491842,i,60037.1078357748,1.0,0.3,rknop_20211105_19.h5,2629304,default,185
336888,149.87277589479,3.18375502996458,DC21fyx,25682.3886802607,547.726158427354,29.6730466884028,i,60037.1301490848,1.0,0.3,rknop_20211105_19.h5,2635841,default,185
336958,149.87277589479,3.18375502996458,DC21fyx,24861.6307637623,568.449486004244,29.710113238154,i,60037.1394240048,1.0,0.3,rknop_20211105_19.h5,2638747,default,185
340333,149.87277589479,3.18375502996458,DC21fyx,5855.65622692697,149.276929148368,29.5735635433309,r,60062.0511227652,1.0,0.3,rknop_20211105_19.h5,2783144,default,185
340354,149.87277589479,3.18375502996458,DC21fyx,5514.21091576161,92.3779007918562,28.961517127259,g,60062.0583786622,0.739436,0.3,rknop_20211105_19.h5,2784048,default,185
340377,149.87277589479,3.18375502996458,DC21fyx,5500.90358183518,94.7260590291528,28.9662359003248,g,60062.0499437522,1.0,0.3,rknop_20211105_19.h5,2784714,default,185
340438,149.87277589479,3.18375502996458,DC21fyx,21552.5536937978,230.612916941598,29.9797959377969,i,60062.0611576048,1.0,0.3,rknop_20211105_19.h5,2786243,default,185
340633,149.87277589479,3.18375502996458,DC21fyx,19921.5491035442,222.424290506869,30.0008185422635,i,60062.0695585448,1.0,0.3,rknop_20211105_19.h5,2791694,default,185
340726,149.87277589479,3.18375502996458,DC21fyx,20451.3108064589,213.8478847305,30.0119171701247,i,60062.0779678048,0.996533,0.3,rknop_20211105_19.h5,2793882,default,185
342760,149.87277589479,3.18375502996458,DC21fyx,20776.718395978,242.562997438857,29.9727932435244,i,60062.0527211748,0.999999,0.3,rknop_20211105_19.h5,2787306,default,185
342867,149.87277589479,3.18375502996458,DC21fyx,4965.36430778974,137.35860962072,29.5540611460397,r,60062.0679700952,0.336887,0.3,rknop_20211105_19.h5,2790450,default,185
364132,149.87277589479,3.18375502996458,DC21fyx,1396.36779204121,84.7292709118341,29.0236962699292,g,60370.2033361722,1.0,0.3,rknop_20211105_19.h5,3267289,default,185
368176,149.87277589479,3.18375502996458,DC21fyx,16524.3130640929,203.745677800345,29.98374684869,i,59329.0473584648,0.992837,0.3,rknop_20211105_19.h5,294594,default,185
368237,149.87277589479,3.18375502996458,DC21fyx,4025.38295177138,129.364972521054,28.9127658218817,g,59329.1249104522,1.0,0.3,rknop_20211105_19.h5,301448,default,185
368265,149.87277589479,3.18375502996458,DC21fyx,4682.93047271001,142.634201511084,28.922616797397,g,59329.1375593922,1.0,0.3,rknop_20211105_19.h5,305266,default,185
368343,149.87277589479,3.18375502996458,DC21fyx,16924.928611723,273.387752985416,29.9795697084505,i,59331.0597123448,1.0,0.3,rknop_20211105_19.h5,318224,default,185
368367,149.87277589479,3.18375502996458,DC21fyx,5745.19393660248,178.403585564059,28.9826436118756,g,59331.1126252722,1.0,0.3,rknop_20211105_19.h5,321069,default,185
368540,149.87277589479,3.18375502996458,DC21fyx,5285.87298100014,142.97999226892,28.953030161843,g,59333.1044753822,1.0,0.3,rknop_20211105_19.h5,341924,default,185
369429,149.87277589479,3.18375502996458,DC21fyx,7924.97398170195,138.638887247104,29.267279046866,g,59355.981001783,1.0,0.3,rknop_20211105_19.h5,460777,default,185
377277,149.87277589479,3.18375502996458,DC21fyx,12849.1024437324,241.806518248378,29.0821448685097,g,59597.3162156122,1.0,0.3,rknop_20211105_19.h5,1174510,default,185
377480,149.87277589479,3.18375502996458,DC21fyx,10275.775853821,92.3142460537356,28.9376015096315,g,59603.3055573022,0.751871,0.3,rknop_20211105_19.h5,1195428,default,185
378745,149.87277589479,3.18375502996458,DC21fyx,7579.71676687937,170.372896089388,29.5557770252075,r,59708.0638187352,0.756294,0.3,rknop_20211105_19.h5,1324286,default,185
378767,149.87277589479,3.18375502996458,DC21fyx,7061.64853627431,115.091343406389,28.9435145128199,g,59708.0752495522,1.0,0.3,rknop_20211105_19.h5,1327904,default,185
378774,149.87277589479,3.18375502996458,DC21fyx,6558.66016621464,119.086576484961,28.9064046086572,g,59708.0878611122,1.0,0.3,rknop_20211105_19.h5,1328571,default,185
378820,149.87277589479,3.18375502996458,DC21fyx,34773.5145092124,309.907509693038,29.9668188320918,i,59711.0560954248,0.946953,0.3,rknop_20211105_19.h5,1336205,default,185
378846,149.87277589479,3.18375502996458,DC21fyx,7531.22473847124,108.683403241881,28.9957058514904,g,59711.0533451422,0.999986,0.3,rknop_20211105_19.h5,1339948,default,185
378856,149.87277589479,3.18375502996458,DC21fyx,32377.0239347998,282.088725346388,30.3114743862459,i,59711.0686223748,0.994531,0.3,rknop_20211105_19.h5,1340712,default,185
378879,149.87277589479,3.18375502996458,DC21fyx,7592.97926504971,107.620987109513,28.9908053173836,g,59711.0658798422,0.687348,0.3,rknop_20211105_19.h5,1343259,default,185
378927,149.87277589479,3.18375502996458,DC21fyx,7022.66794180278,116.329200814128,28.9744216894051,g,59711.0910937122,0.930284,0.3,rknop_20211105_19.h5,1350240,default,185
379014,149.87277589479,3.18375502996458,DC21fyx,24640.7792011186,230.553837885995,30.0233601966401,i,59714.0472316048,1.0,0.3,rknop_20211105_19.h5,1360092,default,185
379066,149.87277589479,3.18375502996458,DC21fyx,7564.89929694161,194.514837086059,29.0117986218581,g,59714.0697154722,1.0,0.3,rknop_20211105_19.h5,1366212,default,185
379169,149.87277589479,3.18375502996458,DC21fyx,7107.91781795154,162.526227048775,29.0005262326184,g,59717.0550889422,0.999997,0.3,rknop_20211105_19.h5,1382607,default,185
379201,149.87277589479,3.18375502996458,DC21fyx,7266.75664572998,136.137277991602,28.9688898329809,g,59717.0676517222,1.0,0.3,rknop_20211105_19.h5,1387134,default,185
386969,149.87277589479,3.18375502996458,DC21fyx,5632.93104127335,171.00450881503,28.7603683119541,g,59950.2376127822,1.0,0.3,rknop_20211105_19.h5,2107224,default,185
388810,149.87277589479,3.18375502996458,DC21fyx,7369.35680089944,108.498715192234,29.0448362348109,g,59977.2160654722,1.0,0.3,rknop_20211105_19.h5,2275046,default,185
388897,149.87277589479,3.18375502996458,DC21fyx,7495.27810016486,168.007019209767,29.0197127914609,g,59980.2211091422,1.0,0.3,rknop_20211105_19.h5,2283439,default,185
388966,149.87277589479,3.18375502996458,DC21fyx,7356.34067186484,157.749084110906,29.5246380248358,r,59986.2538285352,1.0,0.3,rknop_20211105_19.h5,2299336,default,185
389019,149.87277589479,3.18375502996458,DC21fyx,7241.60053225444,148.800470835614,28.9234510718374,g,59986.2694195822,1.0,0.3,rknop_20211105_19.h5,2307920,default,185
390749,149.87277589479,3.18375502996458,DC21fyx,5546.09290630882,121.82043731055,29.5232510697535,r,60013.2041058052,0.323385,0.3,rknop_20211105_19.h5,2482343,default,185
392174,149.87277589479,3.18375502996458,DC21fyx,19193.9132224428,237.834188704192,29.9603367147266,i,60034.1012610848,0.996016,0.3,rknop_20211105_19.h5,2612571,default,185
392243,149.87277589479,3.18375502996458,DC21fyx,29378.902933174,579.390661605801,29.4871839243132,i,60037.1171648948,1.0,0.3,rknop_20211105_19.h5,2627461,default,185
392261,149.87277589479,3.18375502996458,DC21fyx,27019.2513990774,553.846860704782,29.4298594270982,i,60037.1283065748,1.0,0.3,rknop_20211105_19.h5,2630631,default,185
392315,149.87277589479,3.18375502996458,DC21fyx,26207.1496835547,530.830033827968,29.6409507763332,i,60037.1524176348,1.0,0.3,rknop_20211105_19.h5,2643942,default,185
393801,149.87277589479,3.18375502996458,DC21fyx,5602.98816880817,95.6551050560156,28.969056120313,g,60062.0667791722,1.0,0.3,rknop_20211105_19.h5,2786819,default,185
393851,149.87277589479,3.18375502996458,DC21fyx,5688.4766250355,141.139359347929,29.5504072133686,r,60062.0595594852,0.888444,0.3,rknop_20211105_19.h5,2789794,default,185
397906,149.87277589479,3.18375502996458,DC21fyx,5613.01443126964,87.5949928725525,28.9493627662014,g,60062.0752003422,1.0,0.3,rknop_20211105_19.h5,3155847,default,185
398741,149.87277589479,3.18375502996458,DC21fyx,1850.51912655482,109.44460083613,28.7268938249892,g,60361.2077925122,0.660618,0.3,rknop_20211105_19.h5,3244547,default,185
